Level0	Level1	Level2
Arte, cultura, intrattenimento 	 Archeologia	
Arte, cultura, intrattenimento 	 Architettura	
Arte, cultura, intrattenimento 	 Corrida	
Arte, cultura, intrattenimento 	 Feste, Carnevale	
Arte, cultura, intrattenimento 	 Cinema 	 Festival Cinema
Arte, cultura, intrattenimento 	 Cinema 	 Festival Cinema
Arte, cultura, intrattenimento 	 Ballo	
Arte, cultura, intrattenimento 	 Moda 	 Gioielli
Arte, cultura, intrattenimento 	 Moda 	 Gioielli
Arte, cultura, intrattenimento 	 Linguaggio	
Arte, cultura, intrattenimento 	 Biblioteche, musei	
Arte, cultura, intrattenimento 	 Letteratura 	 Poesia
Arte, cultura, intrattenimento 	 Letteratura 	 Narrativa
Arte, cultura, intrattenimento 	 Letteratura 	 Poesia
Arte, cultura, intrattenimento 	 Musica 	 hip/hop
Arte, cultura, intrattenimento 	 Musica 	 Classica
Arte, cultura, intrattenimento 	 Musica 	 Folk
Arte, cultura, intrattenimento 	 Musica 	 Jazz
Arte, cultura, intrattenimento 	 Musica 	 Pop
Arte, cultura, intrattenimento 	 Musica 	 Country
Arte, cultura, intrattenimento 	 Musica 	 Rock and roll
Arte, cultura, intrattenimento 	 Musica 	 hip/hop
Arte, cultura, intrattenimento 	 Pittura	
Arte, cultura, intrattenimento 	 Fotografia	
Arte, cultura, intrattenimento 	 Radio	
Arte, cultura, intrattenimento 	 Scultura 	 Arti plastiche
Arte, cultura, intrattenimento 	 Scultura 	 Arti plastiche
Arte, cultura, intrattenimento 	 Televisione 	 Soap Opera
Arte, cultura, intrattenimento 	 Televisione 	 Soap Opera
Arte, cultura, intrattenimento 	 Teatro 	 Musica a Teatro
Arte, cultura, intrattenimento 	 Teatro 	 Musica a Teatro
Arte, cultura, intrattenimento 	 Monumenti, Siti storici	
Arte, cultura, intrattenimento 	 Tradizioni	
Arte, cultura, intrattenimento 	 Arti (generico)	
Arte, cultura, intrattenimento 	 Intrattenimento (generico) 	 Premi
Arte, cultura, intrattenimento 	 Intrattenimento (generico) 	 Premi
Arte, cultura, intrattenimento 	 Cultura (generico) 	 Sviluppo culturale
Arte, cultura, intrattenimento 	 Cultura (generico) 	 Sviluppo culturale
Arte, cultura, intrattenimento 	 Locali notturni	
Arte, cultura, intrattenimento 	 Fumetti	
Arte, cultura, intrattenimento 	 Animazione	
Arte, cultura, intrattenimento 	 Mass Media 	 Recensioni
Arte, cultura, intrattenimento 	 Mass Media 	 Periodici
Arte, cultura, intrattenimento 	 Mass Media 	 Mezzi informazione
Arte, cultura, intrattenimento 	 Mass Media 	 Giornali
Arte, cultura, intrattenimento 	 Mass Media 	 Recensioni
Arte, cultura, intrattenimento 	 Internet	
Arte, cultura, intrattenimento 	 Storia	
Giustizia, Criminalita'  	 Criminalita'  	 terrorism
Giustizia, Criminalita'  	 Criminalita'  	 Omicidio
Giustizia, Criminalita'  	 Criminalita'  	 Crimini informatici
Giustizia, Criminalita'  	 Criminalita'  	 Furti, Rapine
Giustizia, Criminalita'  	 Criminalita'  	 Droga
Giustizia, Criminalita'  	 Criminalita'  	 Reati sessuali
Giustizia, Criminalita'  	 Criminalita'  	 Aggressioni (generico)
Giustizia, Criminalita'  	 Criminalita'  	 Sequestri Persona
Giustizia, Criminalita'  	 Criminalita'  	 Incendi dolosi
Giustizia, Criminalita'  	 Criminalita'  	 Gang delinquenziali
Giustizia, Criminalita'  	 Criminalita'  	 terrorism
Giustizia, Criminalita'  	 Giustizia 	 Amministrazione giustizia
Giustizia, Criminalita'  	 Giustizia 	 Avvocatura
Giustizia, Criminalita'  	 Giustizia 	 Magistratura
Giustizia, Criminalita'  	 Giustizia 	 Amministrazione giustizia
Giustizia, Criminalita'  	 Forze Ordine 	 Arresto
Giustizia, Criminalita'  	 Forze Ordine 	 Corpi Polizia
Giustizia, Criminalita'  	 Forze Ordine 	 Indagine
Giustizia, Criminalita'  	 Forze Ordine 	 Arresto
Giustizia, Criminalita'  	 Pena 	 execution
Giustizia, Criminalita'  	 Pena 	 Multe, Ammende
Giustizia, Criminalita'  	 Pena 	 execution
Giustizia, Criminalita'  	 Carceri	
Giustizia, Criminalita'  	 Codici 	 Civile
Giustizia, Criminalita'  	 Codici 	 Penale
Giustizia, Criminalita'  	 Codici 	 Civile
Giustizia, Criminalita'  	 Giustizia e diritti 	 Diritti civili
Giustizia, Criminalita'  	 Giustizia e diritti 	 Diritti civili
Giustizia, Criminalita'  	 Processo 	 Udienza preliminare
Giustizia, Criminalita'  	 Processo 	 Causa
Giustizia, Criminalita'  	 Processo 	 Arbitrato
Giustizia, Criminalita'  	 Processo 	 Udienza preliminare
Giustizia, Criminalita'  	 Accusa 	 Teste
Giustizia, Criminalita'  	 Accusa 	 Imputato
Giustizia, Criminalita'  	 Accusa 	 Teste
Giustizia, Criminalita'  	 Criminalita'  Organizzata	
Giustizia, Criminalita'  	 Diritto Internazionale 	 Estradizione
Giustizia, Criminalita'  	 Diritto Internazionale 	 Corti, Tribunali internazionali
Giustizia, Criminalita'  	 Diritto Internazionale 	 Estradizione
Giustizia, Criminalita'  	 Crimini societari 	 Tangenti
Giustizia, Criminalita'  	 Crimini societari 	 Frodi
Giustizia, Criminalita'  	 Crimini societari 	 Appropriazioni indebite
Giustizia, Criminalita'  	 Crimini societari 	 Limitazioni alla concorrenza
Giustizia, Criminalita'  	 Crimini societari 	 Inadempienze contrattuali
Giustizia, Criminalita'  	 Crimini societari 	 Infrazioni all'antitrust
Giustizia, Criminalita'  	 Crimini societari 	 Corruzione
Giustizia, Criminalita'  	 Crimini societari 	 Tangenti
Giustizia, Criminalita'  	 Crimini Guerra	
Giustizia, Criminalita'  	 Inchiesta, Autopsia	
Giustizia, Criminalita'  	 Commissione d'Inchiesta	
Giustizia, Criminalita'  	 Giurisdizioni varie	
Disastri, Incidenti 	 Siccita' 	
Disastri, Incidenti 	 Terremoto	
Disastri, Incidenti 	 Carestia	
Disastri, Incidenti 	 Incendio	
Disastri, Incidenti 	 Inondazione	
Disastri, Incidenti 	 Incidente industriale 	 Cedimento strutturale
Disastri, Incidenti 	 Incidente industriale 	 Cedimento strutturale
Disastri, Incidenti 	 Disastri meteorologici 	 Tempeste vento
Disastri, Incidenti 	 Disastri meteorologici 	 Tempeste vento
Disastri, Incidenti 	 Incidenti nucleari	
Disastri, Incidenti 	 Inquinamento	
Disastri, Incidenti 	 Incidenti nei trasporti 	 Marittimi
Disastri, Incidenti 	 Incidenti nei trasporti 	 Stradali
Disastri, Incidenti 	 Incidenti nei trasporti 	 Ferroviari
Disastri, Incidenti 	 Incidenti nei trasporti 	 Aerei e spaziali
Disastri, Incidenti 	 Incidenti nei trasporti 	 Marittimi
Disastri, Incidenti 	 Eruzione	
Disastri, Incidenti 	 Organizzazioni di aiuto e soccorso	
Disastri, Incidenti 	 Incidente (generico)	
Disastri, Incidenti 	 Emergenza 	 Esplosione
Disastri, Incidenti 	 Emergenza 	 Esplosione
Disastri, Incidenti 	 Disastri (generico) 	 Frane, Valanghe
Disastri, Incidenti 	 Disastri (generico) 	 Disastri naturali
Disastri, Incidenti 	 Disastri (generico) 	 Frane, Valanghe
Disastri, Incidenti 	 Piani Emergenza	
Disastri, Incidenti 	 Salvataggio	
Economia, affari e finanza 	 Agricoltura 	 Acquicoltura
Economia, affari e finanza 	 Agricoltura 	 Coltivazioni
Economia, affari e finanza 	 Agricoltura 	 Industria ittica
Economia, affari e finanza 	 Agricoltura 	 Silvicoltura
Economia, affari e finanza 	 Agricoltura 	 Allevamento
Economia, affari e finanza 	 Agricoltura 	 Viticoltura
Economia, affari e finanza 	 Agricoltura 	 Acquicoltura
Economia, affari e finanza 	 Produzione Chimica 	 Sintetici e plastica
Economia, affari e finanza 	 Produzione Chimica 	 Biotecnologia
Economia, affari e finanza 	 Produzione Chimica 	 Fertilizzanti
Economia, affari e finanza 	 Produzione Chimica 	 Cosmetici, Prodotti per l'igiene
Economia, affari e finanza 	 Produzione Chimica 	 Chimica inorganica
Economia, affari e finanza 	 Produzione Chimica 	 Chimica organica
Economia, affari e finanza 	 Produzione Chimica 	 Industria Farmaceutica
Economia, affari e finanza 	 Produzione Chimica 	 Sintetici e plastica
Economia, affari e finanza 	 Informatica e Telecomunicazioni 	 Tecnologia wireless
Economia, affari e finanza 	 Informatica e Telecomunicazioni 	 Hardware
Economia, affari e finanza 	 Informatica e Telecomunicazioni 	 Reti e Connessioni
Economia, affari e finanza 	 Informatica e Telecomunicazioni 	 Tecnologia satellitare
Economia, affari e finanza 	 Informatica e Telecomunicazioni 	 Semiconduttori, Componenti elettronici
Economia, affari e finanza 	 Informatica e Telecomunicazioni 	 Software
Economia, affari e finanza 	 Informatica e Telecomunicazioni 	 Sistemi Telecomunicazione
Economia, affari e finanza 	 Informatica e Telecomunicazioni 	 Servizi Telecomunicazione
Economia, affari e finanza 	 Informatica e Telecomunicazioni 	 Sicurezza
Economia, affari e finanza 	 Informatica e Telecomunicazioni 	 Tecnologia wireless
Economia, affari e finanza 	 Costruzioni, Proprieta'  	 Progettazione, Ingegneria
Economia, affari e finanza 	 Costruzioni, Proprieta'  	 Grandi Opere
Economia, affari e finanza 	 Costruzioni, Proprieta'  	 Edilizia Residenziale
Economia, affari e finanza 	 Costruzioni, Proprieta'  	 Immobiliaristica
Economia, affari e finanza 	 Costruzioni, Proprieta'  	 Fattorie
Economia, affari e finanza 	 Costruzioni, Proprieta'  	 Prezzo Terreni
Economia, affari e finanza 	 Costruzioni, Proprieta'  	 Ristrutturazioni
Economia, affari e finanza 	 Costruzioni, Proprieta'  	 Progettazione, Ingegneria
Economia, affari e finanza 	 Energia 	 Kerosene
Economia, affari e finanza 	 Energia 	 Energie alternative
Economia, affari e finanza 	 Energia 	 Carbone
Economia, affari e finanza 	 Energia 	 Petrolio e Gas, distribuzione
Economia, affari e finanza 	 Energia 	 Petrolio e Gas, riserve
Economia, affari e finanza 	 Energia 	 Energia nucleare
Economia, affari e finanza 	 Energia 	 Elettricita' 
Economia, affari e finanza 	 Energia 	 Trattamento Rifiuti
Economia, affari e finanza 	 Energia 	 Risorse Idriche
Economia, affari e finanza 	 Energia 	 Risorse naturali (generico)
Economia, affari e finanza 	 Energia 	 Energia (generico)
Economia, affari e finanza 	 Energia 	 Gas naturali
Economia, affari e finanza 	 Energia 	 Benzina
Economia, affari e finanza 	 Energia 	 Gasolio
Economia, affari e finanza 	 Energia 	 Kerosene
Economia, affari e finanza 	 Servizi finanziari 	 Servizi Investimento
Economia, affari e finanza 	 Servizi finanziari 	 Contabilita' , Revisione
Economia, affari e finanza 	 Servizi finanziari 	 Banche
Economia, affari e finanza 	 Servizi finanziari 	 Consulenze
Economia, affari e finanza 	 Servizi finanziari 	 Agenzie per l'impiego
Economia, affari e finanza 	 Servizi finanziari 	 Servizi Sanitari
Economia, affari e finanza 	 Servizi finanziari 	 Assicurazioni
Economia, affari e finanza 	 Servizi finanziari 	 Servizi legali
Economia, affari e finanza 	 Servizi finanziari 	 Indagini Mercato
Economia, affari e finanza 	 Servizi finanziari 	 Negoziazioni Titoli
Economia, affari e finanza 	 Servizi finanziari 	 Investimenti personali
Economia, affari e finanza 	 Servizi finanziari 	 Tendenze Mercato
Economia, affari e finanza 	 Servizi finanziari 	 Spedizioni
Economia, affari e finanza 	 Servizi finanziari 	 Servizi per la persona
Economia, affari e finanza 	 Servizi finanziari 	 Servizi Ambientali
Economia, affari e finanza 	 Servizi finanziari 	 Servizi funebri
Economia, affari e finanza 	 Servizi finanziari 	 Noleggi
Economia, affari e finanza 	 Servizi finanziari 	 Servizi matrimoniali
Economia, affari e finanza 	 Servizi finanziari 	 Finanze personali
Economia, affari e finanza 	 Servizi finanziari 	 Redditi personali
Economia, affari e finanza 	 Servizi finanziari 	 Aste
Economia, affari e finanza 	 Servizi finanziari 	 Servizi di stampa, promozionali
Economia, affari e finanza 	 Servizi finanziari 	 Servizi Investimento
Economia, affari e finanza 	 Beni Consumo 	 Giocattoli
Economia, affari e finanza 	 Beni Consumo 	 Abbigliamento
Economia, affari e finanza 	 Beni Consumo 	 Grandi magazzini
Economia, affari e finanza 	 Beni Consumo 	 Alimenti
Economia, affari e finanza 	 Beni Consumo 	 Vendita per corrispondenza
Economia, affari e finanza 	 Beni Consumo 	 Dettaglio
Economia, affari e finanza 	 Beni Consumo 	 Negozi specializzati
Economia, affari e finanza 	 Beni Consumo 	 Ingrosso
Economia, affari e finanza 	 Beni Consumo 	 Bevande
Economia, affari e finanza 	 Beni Consumo 	 Commercio elettronico
Economia, affari e finanza 	 Beni Consumo 	 Beni di lusso
Economia, affari e finanza 	 Beni Consumo 	 Beni non durevoli
Economia, affari e finanza 	 Beni Consumo 	 Giocattoli
Economia, affari e finanza 	 Macroeconomia 	 Bilancia commerciale
Economia, affari e finanza 	 Macroeconomia 	 Banche centrali
Economia, affari e finanza 	 Macroeconomia 	 Consumatori
Economia, affari e finanza 	 Macroeconomia 	 Mercato emissioni obbligazionarie e titoli
Economia, affari e finanza 	 Macroeconomia 	 Indici economici
Economia, affari e finanza 	 Macroeconomia 	 Mercati emergenti
Economia, affari e finanza 	 Macroeconomia 	 Mercato Cambi
Economia, affari e finanza 	 Macroeconomia 	 Aiuto pubblico
Economia, affari e finanza 	 Macroeconomia 	 Debito pubblico
Economia, affari e finanza 	 Macroeconomia 	 Tassi interesse
Economia, affari e finanza 	 Macroeconomia 	 Istituzioni economiche internazionali
Economia, affari e finanza 	 Macroeconomia 	 Commercio Estero
Economia, affari e finanza 	 Macroeconomia 	 Mercato monetario
Economia, affari e finanza 	 Macroeconomia 	 Organizzazioni economiche
Economia, affari e finanza 	 Macroeconomia 	 Fiducia Consumatori
Economia, affari e finanza 	 Macroeconomia 	 Dispute commerciali
Economia, affari e finanza 	 Macroeconomia 	 Inflazione, Deflazione
Economia, affari e finanza 	 Macroeconomia 	 Prezzi
Economia, affari e finanza 	 Macroeconomia 	 Valute
Economia, affari e finanza 	 Macroeconomia 	 Bilancio
Economia, affari e finanza 	 Macroeconomia 	 Credito, Debito
Economia, affari e finanza 	 Macroeconomia 	 Prestiti
Economia, affari e finanza 	 Macroeconomia 	 Ipoteca
Economia, affari e finanza 	 Macroeconomia 	 Mercati finanziari
Economia, affari e finanza 	 Macroeconomia 	 Mercati Materie prime
Economia, affari e finanza 	 Macroeconomia 	 Investimenti
Economia, affari e finanza 	 Macroeconomia 	 Azioni
Economia, affari e finanza 	 Macroeconomia 	 Obbligazioni
Economia, affari e finanza 	 Macroeconomia 	 Fondi mutuabili
Economia, affari e finanza 	 Macroeconomia 	 Titoli derivati
Economia, affari e finanza 	 Macroeconomia 	 Importazioni
Economia, affari e finanza 	 Macroeconomia 	 Esportazioni
Economia, affari e finanza 	 Macroeconomia 	 Accordi commerciali
Economia, affari e finanza 	 Macroeconomia 	 Politica commerciale
Economia, affari e finanza 	 Macroeconomia 	 Imprese
Economia, affari e finanza 	 Macroeconomia 	 Tariffe
Economia, affari e finanza 	 Macroeconomia 	 Bilancia commerciale
Economia, affari e finanza 	 Mercati, Borse 	 Beni non durevoli
Economia, affari e finanza 	 Mercati, Borse 	 Energia
Economia, affari e finanza 	 Mercati, Borse 	 Metallo
Economia, affari e finanza 	 Mercati, Borse 	 Titoli, Valori mobiliari
Economia, affari e finanza 	 Mercati, Borse 	 Beni non durevoli
Economia, affari e finanza 	 Media 	 Industria musicale
Economia, affari e finanza 	 Media 	 Pubblicita' 
Economia, affari e finanza 	 Media 	 Editoria
Economia, affari e finanza 	 Media 	 Industria cinematografica
Economia, affari e finanza 	 Media 	 Agenzie di stampa
Economia, affari e finanza 	 Media 	 Quotidiani e periodici
Economia, affari e finanza 	 Media 	 On line
Economia, affari e finanza 	 Media 	 Pubbliche Relazioni
Economia, affari e finanza 	 Media 	 Industria Radiofonica
Economia, affari e finanza 	 Media 	 Servizi via satellite e via cavo
Economia, affari e finanza 	 Media 	 Industria televisiva
Economia, affari e finanza 	 Media 	 Industria musicale
Economia, affari e finanza 	 Metallurgia e Meccanica 	 Macchinari
Economia, affari e finanza 	 Metallurgia e Meccanica 	 Aerospaziale
Economia, affari e finanza 	 Metallurgia e Meccanica 	 Automobilistica
Economia, affari e finanza 	 Metallurgia e Meccanica 	 Armamenti
Economia, affari e finanza 	 Metallurgia e Meccanica 	 Elettrodomestici
Economia, affari e finanza 	 Metallurgia e Meccanica 	 Ingegneria pesante
Economia, affari e finanza 	 Metallurgia e Meccanica 	 Componenti industriali
Economia, affari e finanza 	 Metallurgia e Meccanica 	 Strumentazioni
Economia, affari e finanza 	 Metallurgia e Meccanica 	 Cantieri navali
Economia, affari e finanza 	 Metallurgia e Meccanica 	 Macchinari
Economia, affari e finanza 	 Metalli, Minerali 	 Miniere
Economia, affari e finanza 	 Metalli, Minerali 	 Materiali edili
Economia, affari e finanza 	 Metalli, Minerali 	 Oro, Materiali preziosi
Economia, affari e finanza 	 Metalli, Minerali 	 Siderurgia
Economia, affari e finanza 	 Metalli, Minerali 	 Metalli non ferrosi
Economia, affari e finanza 	 Metalli, Minerali 	 Miniere
Economia, affari e finanza 	 Industria Trasformazione 	 Tabacchi
Economia, affari e finanza 	 Industria Trasformazione 	 Distillerie, Birrerie
Economia, affari e finanza 	 Industria Trasformazione 	 Alimentare
Economia, affari e finanza 	 Industria Trasformazione 	 Arredamento, Mobili
Economia, affari e finanza 	 Industria Trasformazione 	 Carta, Imballaggi
Economia, affari e finanza 	 Industria Trasformazione 	 Gomma
Economia, affari e finanza 	 Industria Trasformazione 	 Analcolici
Economia, affari e finanza 	 Industria Trasformazione 	 Tessile, Abbigliamento
Economia, affari e finanza 	 Industria Trasformazione 	 Tabacchi
Economia, affari e finanza 	 Turismo, Tempo libero 	 Tour Operator
Economia, affari e finanza 	 Turismo, Tempo libero 	 Casina'², Giochi
Economia, affari e finanza 	 Turismo, Tempo libero 	 Alberghiero
Economia, affari e finanza 	 Turismo, Tempo libero 	 Articoli sportivi, Tempo libero
Economia, affari e finanza 	 Turismo, Tempo libero 	 Ristorazione, Catering
Economia, affari e finanza 	 Turismo, Tempo libero 	 Tour Operator
Economia, affari e finanza 	 Trasporti 	 Marittimi, Acque interne
Economia, affari e finanza 	 Trasporti 	 Aerei
Economia, affari e finanza 	 Trasporti 	 Ferrovie
Economia, affari e finanza 	 Trasporti 	 Stradali
Economia, affari e finanza 	 Trasporti 	 Marittimi, Acque interne
Economia, affari e finanza 	 Informazione d'impresa 	 Nuovi Servizi
Economia, affari e finanza 	 Informazione d'impresa 	 Rendicontazione, Verifica
Economia, affari e finanza 	 Informazione d'impresa 	 Assemblee generali
Economia, affari e finanza 	 Informazione d'impresa 	 Relazioni annuali
Economia, affari e finanza 	 Informazione d'impresa 	 Antitrust
Economia, affari e finanza 	 Informazione d'impresa 	 Fusioni, Acquisizioni, Cambi gestione
Economia, affari e finanza 	 Informazione d'impresa 	 Commenti analisti
Economia, affari e finanza 	 Informazione d'impresa 	 Fallimenti
Economia, affari e finanza 	 Informazione d'impresa 	 Consigli Amministrazione
Economia, affari e finanza 	 Informazione d'impresa 	 Riacquisto Azioni
Economia, affari e finanza 	 Informazione d'impresa 	 Interviste Dirigenti
Economia, affari e finanza 	 Informazione d'impresa 	 Funzionari aziendali
Economia, affari e finanza 	 Informazione d'impresa 	 Profili aziendali
Economia, affari e finanza 	 Informazione d'impresa 	 Contratti
Economia, affari e finanza 	 Informazione d'impresa 	 Contratti militari
Economia, affari e finanza 	 Informazione d'impresa 	 Comunicazioni dividendi
Economia, affari e finanza 	 Informazione d'impresa 	 Previsioni profitti
Economia, affari e finanza 	 Informazione d'impresa 	 Aziende depresse
Economia, affari e finanza 	 Informazione d'impresa 	 Profitti
Economia, affari e finanza 	 Informazione d'impresa 	 Finanziamenti, Offerte azionarie
Economia, affari e finanza 	 Informazione d'impresa 	 Contratti pubblici
Economia, affari e finanza 	 Informazione d'impresa 	 Espansione globale
Economia, affari e finanza 	 Informazione d'impresa 	 Insider Trading
Economia, affari e finanza 	 Informazione d'impresa 	 Joint Venture
Economia, affari e finanza 	 Informazione d'impresa 	 Leveraged buy out
Economia, affari e finanza 	 Informazione d'impresa 	 Licenziamenti, Ridimensionamenti
Economia, affari e finanza 	 Informazione d'impresa 	 Accordi di licenza
Economia, affari e finanza 	 Informazione d'impresa 	 Contenziosi, Regolamenti
Economia, affari e finanza 	 Informazione d'impresa 	 Cambi Management
Economia, affari e finanza 	 Informazione d'impresa 	 Marketing
Economia, affari e finanza 	 Informazione d'impresa 	 Nuovi prodotti
Economia, affari e finanza 	 Informazione d'impresa 	 Brevetti, Copyright
Economia, affari e finanza 	 Informazione d'impresa 	 Chiusure Stabilimenti
Economia, affari e finanza 	 Informazione d'impresa 	 Aperture Stabilimenti
Economia, affari e finanza 	 Informazione d'impresa 	 Privatizzazioni
Economia, affari e finanza 	 Informazione d'impresa 	 Deleghe
Economia, affari e finanza 	 Informazione d'impresa 	 Rating
Economia, affari e finanza 	 Informazione d'impresa 	 Ricerche, Sviluppo
Economia, affari e finanza 	 Informazione d'impresa 	 Comunicazioni finanziarie trimestrali, semestrali
Economia, affari e finanza 	 Informazione d'impresa 	 Ricapitalizzazioni
Economia, affari e finanza 	 Informazione d'impresa 	 Spin/Off
Economia, affari e finanza 	 Informazione d'impresa 	 Attivita'  Titoli
Economia, affari e finanza 	 Informazione d'impresa 	 Produzione industriale
Economia, affari e finanza 	 Informazione d'impresa 	 Produttivita' 
Economia, affari e finanza 	 Informazione d'impresa 	 Inventari
Economia, affari e finanza 	 Informazione d'impresa 	 Vendite
Economia, affari e finanza 	 Informazione d'impresa 	 Societa' 
Economia, affari e finanza 	 Informazione d'impresa 	 Azionisti
Economia, affari e finanza 	 Informazione d'impresa 	 Risultati aziendali
Economia, affari e finanza 	 Informazione d'impresa 	 Perdite
Economia, affari e finanza 	 Informazione d'impresa 	 Affidabilita'  creditizia
Economia, affari e finanza 	 Informazione d'impresa 	 Frazionamenti azionari
Economia, affari e finanza 	 Informazione d'impresa 	 Stock Options
Economia, affari e finanza 	 Informazione d'impresa 	 Richiamo Prodotti
Economia, affari e finanza 	 Informazione d'impresa 	 Globalizzazione
Economia, affari e finanza 	 Informazione d'impresa 	 Consumatori
Economia, affari e finanza 	 Informazione d'impresa 	 Acquisti
Economia, affari e finanza 	 Informazione d'impresa 	 Nuovi Servizi
Economia, affari e finanza 	 Economia (generico) 	 Politica economica
Economia, affari e finanza 	 Economia (generico) 	 Politica economica
Economia, affari e finanza 	 Affari (generico) 	 Istituzioni
Economia, affari e finanza 	 Affari (generico) 	 Istituzioni
Economia, affari e finanza 	 Finanza (generico) 	 Politica monetaria
Economia, affari e finanza 	 Finanza (generico) 	 Politica monetaria
Istruzione 	 Adulti	
Istruzione 	 Post	Scolare
Istruzione 	 Comitati genitori	
Istruzione 	 Scuola Infanzia	
Istruzione 	 Scuola 	 Secondarie di 1.grado, Medie
Istruzione 	 Scuola 	 Medie superiori
Istruzione 	 Scuola 	 Primarie, Elementari
Istruzione 	 Scuola 	 Medie superiori
Istruzione 	 Sindacati Scuola	
Istruzione 	 Universita' 	
Istruzione 	 Educazione	
Istruzione 	 Esame Ammissione	
Istruzione 	 Insegnamento, Apprendimento 	 Esami, Test
Istruzione 	 Insegnamento, Apprendimento 	 Studente
Istruzione 	 Insegnamento, Apprendimento 	 Insegnante
Istruzione 	 Insegnamento, Apprendimento 	 Curriculum
Istruzione 	 Insegnamento, Apprendimento 	 Esami, Test
Istruzione 	 Istruzione religiosa 	 Scuole coraniche
Istruzione 	 Istruzione religiosa 	 Scuole Cattoliche
Istruzione 	 Istruzione religiosa 	 Seminari
Istruzione 	 Istruzione religiosa 	 Scuole Talmudiche
Istruzione 	 Istruzione religiosa 	 Scuole coraniche
Ambiente 	 Energia rinnovabile	
Ambiente 	 Conservazione 	 Ecosistema
Ambiente 	 Conservazione 	 Specie a rischio
Ambiente 	 Conservazione 	 Ecosistema
Ambiente 	 Risparmio energetico	
Ambiente 	 Politica ambientale	
Ambiente 	 Inquinamento 	 Acqua
Ambiente 	 Inquinamento 	 Aria
Ambiente 	 Inquinamento 	 Acqua
Ambiente 	 Risorse naturali 	 Risorse Energetiche
Ambiente 	 Risorse naturali 	 Risorse Terra
Ambiente 	 Risorse naturali 	 Parchi
Ambiente 	 Risorse naturali 	 Foreste
Ambiente 	 Risorse naturali 	 Zone Umide
Ambiente 	 Risorse naturali 	 Montagne
Ambiente 	 Risorse naturali 	 Corsi d'acqua
Ambiente 	 Risorse naturali 	 Mari, Oceani, Laghi
Ambiente 	 Risorse naturali 	 Fauna Selvatica
Ambiente 	 Risorse naturali 	 Risorse Energetiche
Ambiente 	 Natura 	 Specie invasive
Ambiente 	 Natura 	 Specie invasive
Ambiente 	 Popolazione	
Ambiente 	 Rifiuti	
Ambiente 	 Acqua	
Ambiente 	 Effetto serra	
Ambiente 	 Materie pericolose	
Ambiente 	 Disinquinamento	
Salute 	 Malattia 	 Retrovirus
Salute 	 Malattia 	 Contagiosa
Salute 	 Malattia 	 Virale
Salute 	 Malattia 	 AIDS
Salute 	 Malattia 	 Cancro
Salute 	 Malattia 	 Cardiache
Salute 	 Malattia 	 Alzheimer
Salute 	 Malattia 	 Malattie degli Animali
Salute 	 Malattia 	 Malattie delle Piante
Salute 	 Malattia 	 Retrovirus
Salute 	 Epidemia	
Salute 	 Cura 	 Terapia
Salute 	 Cura 	 Farmaci su ricetta medica
Salute 	 Cura 	 Integratori
Salute 	 Cura 	 Dieta
Salute 	 Cura 	 Esame medico
Salute 	 Cura 	 Terapia
Salute 	 Organizzazioni Sanitarie	
Salute 	 Ricerca medica	
Salute 	 Personale medico 	 Sindacati Sanita' 
Salute 	 Personale medico 	 Medicina di Base
Salute 	 Personale medico 	 Sindacati Sanita' 
Salute 	 Medicina 	 Cinese
Salute 	 Medicina 	 Fitoterapia
Salute 	 Medicina 	 Olistica
Salute 	 Medicina 	 Occidentale
Salute 	 Medicina 	 Cinese
Salute 	 Medicina preventiva 	 Vaccino
Salute 	 Medicina preventiva 	 Vaccino
Salute 	 Ferite, Lesioni	
Salute 	 Ospedali, Cliniche	
Salute 	 Servizio Sanitario Nazionale 	 Medicaid
Salute 	 Servizio Sanitario Nazionale 	 Medicare
Salute 	 Servizio Sanitario Nazionale 	 Medicaid
Salute 	 Sistema sanitario privato	
Salute 	 Politica Salute 	 Sicurezza alimentare
Salute 	 Politica Salute 	 Sicurezza alimentare
Salute 	 Specializzazioni mediche 	 Ginecologia, Ostetricia
Salute 	 Specializzazioni mediche 	 Geriatria
Salute 	 Specializzazioni mediche 	 Pediatria
Salute 	 Specializzazioni mediche 	 Riproduzione
Salute 	 Specializzazioni mediche 	 Genetica
Salute 	 Specializzazioni mediche 	 Ginecologia, Ostetricia
Salute 	 Servizio Medico	
Salute 	 Forma fisica	
Salute 	 Malesseri 	 Obesita' 
Salute 	 Malesseri 	 Malattia mentale
Salute 	 Malesseri 	 Disturbo alimentare
Salute 	 Malesseri 	 Obesita' 
Salute 	 Condizioni mediche	
Salute 	 Paziente	
Storie, Curiosita'  	 Animali	
Storie, Curiosita'  	 Curiosita' 	
Storie, Curiosita'  	 Persone 	 Predizioni futuro
Storie, Curiosita'  	 Persone 	 Consigli, Suggerimenti
Storie, Curiosita'  	 Persone 	 Celebrita' 
Storie, Curiosita'  	 Persone 	 Iniziative, Realizzazioni
Storie, Curiosita'  	 Persone 	 Errori, Disavventure
Storie, Curiosita'  	 Persone 	 Predizioni futuro
Storie, Curiosita'  	 Mistero	
Storie, Curiosita'  	 Societa'  	 Commemorazioni
Storie, Curiosita'  	 Societa'  	 Cerimonie
Storie, Curiosita'  	 Societa'  	 Morte
Storie, Curiosita'  	 Societa'  	 Funerali
Storie, Curiosita'  	 Societa'  	 Testamenti, Eredita' 
Storie, Curiosita'  	 Societa'  	 Commemorazioni
Storie, Curiosita'  	 Premi 	 Primati
Storie, Curiosita'  	 Premi 	 Primati
Storie, Curiosita'  	 Case reali	
Storie, Curiosita'  	 Piante	
Lavoro 	 Apprendistato	
Lavoro 	 Contratti collettivi 	 Contratti, Norme lavoro
Lavoro 	 Contratti collettivi 	 Contratti, Salario
Lavoro 	 Contratti collettivi 	 Contratti, Assistenza sanitaria
Lavoro 	 Contratti collettivi 	 Contratti, Norme lavoro
Lavoro 	 Impiego 	 Professioni
Lavoro 	 Impiego 	 Mercato Lavoro
Lavoro 	 Impiego 	 Licenziamento
Lavoro 	 Impiego 	 Lavoro minorile
Lavoro 	 Impiego 	 Professioni
Lavoro 	 Vertenze	
Lavoro 	 Legislazione Lavoro	
Lavoro 	 Pensione	
Lavoro 	 Riqualificazione	
Lavoro 	 Sciopero	
Lavoro 	 Disoccupazione	
Lavoro 	 Sindacati	
Lavoro 	 Paghe, Pensioni 	 Previdenza sociale
Lavoro 	 Paghe, Pensioni 	 Indennita' '
Lavoro 	 Paghe, Pensioni 	 Previdenza sociale
Lavoro 	 Rapporto Lavoro	
Lavoro 	 Salute, Sicurezza sul lavoro	
Lavoro 	 Tirocinio avanzato	
Lavoro 	 Datore lavoro	
Lavoro 	 Lavoratore	
Tempo libero 	 Giochi 	 Shogi
Tempo libero 	 Giochi 	 Go
Tempo libero 	 Giochi 	 Scacchi
Tempo libero 	 Giochi 	 Bridge
Tempo libero 	 Giochi 	 Shogi
Tempo libero 	 Giochi d'azzardo, Lotterie	
Tempo libero 	 Gastronomia 	 Alimenti biologici
Tempo libero 	 Gastronomia 	 Alimenti biologici
Tempo libero 	 Hobby 	 Giardinaggio
Tempo libero 	 Hobby 	 Bricolage
Tempo libero 	 Hobby 	 Shopping
Tempo libero 	 Hobby 	 Giardinaggio
Tempo libero 	 Vacanze	
Tempo libero 	 Turismo	
Tempo libero 	 Spostamenti, Trasporti quotidiani 	 Traffico
Tempo libero 	 Spostamenti, Trasporti quotidiani 	 Traffico
Tempo libero 	 Club, associazioni	
Tempo libero 	 Vita quotidiana	
Tempo libero 	 Svaghi (generico)	
Tempo libero 	 Festivita' 	
Tempo libero 	 Caccia	
Tempo libero 	 Pesca	
Tempo libero 	 Automobili	
Tempo libero 	 Avventura	
Tempo libero 	 Bellezza	
Tempo libero 	 Questioni Spesa	
Tempo libero 	 Matrimonio	
Politica 	 Difesa 	 Armi nucleari
Politica 	 Difesa 	 Veterani, Reduci
Politica 	 Difesa 	 Sicurezza nazionale
Politica 	 Difesa 	 Misure Sicurezza
Politica 	 Difesa 	 Forze Armate
Politica 	 Difesa 	 Equipaggiamento militare
Politica 	 Difesa 	 Armi da fuoco
Politica 	 Difesa 	 Armi biologiche, chimiche
Politica 	 Difesa 	 Sistemi missilistici
Politica 	 Difesa 	 Armi nucleari
Politica 	 Diplomazia 	 Alleanze
Politica 	 Diplomazia 	 Summit
Politica 	 Diplomazia 	 Relazioni Internazionali
Politica 	 Diplomazia 	 Negoziati Pace
Politica 	 Diplomazia 	 Alleanze
Politica 	 Elezioni 	 Primarie
Politica 	 Elezioni 	 Candidato
Politica 	 Elezioni 	 Campagna elettorale
Politica 	 Elezioni 	 Finanziamento elettorale
Politica 	 Elezioni 	 Politiche
Politica 	 Elezioni 	 Regionali
Politica 	 Elezioni 	 Amministrative
Politica 	 Elezioni 	 Voto
Politica 	 Elezioni 	 Sondaggio elettorale
Politica 	 Elezioni 	 Europee
Politica 	 Elezioni 	 Primarie
Politica 	 Servizi Segreti, Intelligence	
Politica 	 Aiuto estero 	 Sanzioni economiche
Politica 	 Aiuto estero 	 Sanzioni economiche
Politica 	 Governo 	 Impeachment
Politica 	 Governo 	 Pubblica amministrazione, PA
Politica 	 Governo 	 Sicurezza Cittadini
Politica 	 Governo 	 Think Tank
Politica 	 Governo 	 Governo nazionale
Politica 	 Governo 	 Potere Esecutivo
Politica 	 Governo 	 Capo di Stato
Politica 	 Governo 	 Ministeri, Dipartimenti
Politica 	 Governo 	 Cariche pubbliche
Politica 	 Governo 	 Ministri
Politica 	 Governo 	 Impiegato pubblico
Politica 	 Governo 	 Privatizzazioni
Politica 	 Governo 	 Nazionalizzazioni
Politica 	 Governo 	 Impeachment
Politica 	 Diritti umani	
Politica 	 Enti locali	
Politica 	 Parlamento 	 Camera
Politica 	 Parlamento 	 Senato
Politica 	 Parlamento 	 Camera
Politica 	 Partiti, Movimenti 	 Organizzazioni non governative (ONG)
Politica 	 Partiti, Movimenti 	 Organizzazioni non governative (ONG)
Politica 	 Rifugiato	
Politica 	 Regioni	
Politica 	 Bilancio Statale 	 Finanze, Tasse
Politica 	 Bilancio Statale 	 Finanze, Tasse
Politica 	 Costituzione	
Politica 	 Politica interna 	 Inchieste su Utilita'  pubblica
Politica 	 Politica interna 	 Protezione dati personali
Politica 	 Politica interna 	 Aree Urbane
Politica 	 Politica interna 	 Welfare
Politica 	 Politica interna 	 Controllo armi personali
Politica 	 Politica interna 	 Popolazione
Politica 	 Politica interna 	 Raccolta dati personali
Politica 	 Politica interna 	 Inchieste su Utilita'  pubblica
Politica 	 Migrazioni	
Politica 	 Iniziative popolari	
Politica 	 Referendum	
Politica 	 Politica nucleare	
Politica 	 Lobbying	
Politica 	 Concorrenza	
Politica 	 Censura	
Politica 	 Politica (generico) 	 Sviluppo politico
Politica 	 Politica (generico) 	 Sistemi politici
Politica 	 Politica (generico) 	 Democrazia
Politica 	 Politica (generico) 	 Sviluppo politico
Politica 	 Liberta'  Stampa	
Politica 	 Liberta'  Religiosa	
Politica 	 Trattati	
Politica 	 Organizzazioni internazionali	
Religioni, Fedi 	 Culti, Sette	
Religioni, Fedi 	 Credo 	 Scientology
Religioni, Fedi 	 Credo 	 Chiesa dell'Unificazione
Religioni, Fedi 	 Credo 	 Scientology
Religioni, Fedi 	 Massoneria	
Religioni, Fedi 	 Principi morali 	 Comportamenti Immorali
Religioni, Fedi 	 Principi morali 	 Etica
Religioni, Fedi 	 Principi morali 	 Comportamenti Immorali
Religioni, Fedi 	 Rapporti Stato/Chiesa	
Religioni, Fedi 	 Filosofia	
Religioni, Fedi 	 Chiese Cristiane 	 Esercito Salvezza
Religioni, Fedi 	 Chiese Cristiane 	 Protestante
Religioni, Fedi 	 Chiese Cristiane 	 Luterana
Religioni, Fedi 	 Chiese Cristiane 	 Riformata
Religioni, Fedi 	 Chiese Cristiane 	 Anglicana
Religioni, Fedi 	 Chiese Cristiane 	 Metodista
Religioni, Fedi 	 Chiese Cristiane 	 Battista
Religioni, Fedi 	 Chiese Cristiane 	 Mennonita
Religioni, Fedi 	 Chiese Cristiane 	 Mormone
Religioni, Fedi 	 Chiese Cristiane 	 Cattolico Romana
Religioni, Fedi 	 Chiese Cristiane 	 Veterocattolica
Religioni, Fedi 	 Chiese Cristiane 	 Ortodossa
Religioni, Fedi 	 Chiese Cristiane 	 Esercito Salvezza
Religioni, Fedi 	 Islam	
Religioni, Fedi 	 Ebraismo	
Religioni, Fedi 	 Buddismo	
Religioni, Fedi 	 Induismo	
Religioni, Fedi 	 Festivita'  religiose 	 Yom Kippur
Religioni, Fedi 	 Festivita'  religiose 	 Natale
Religioni, Fedi 	 Festivita'  religiose 	 Pasqua
Religioni, Fedi 	 Festivita'  religiose 	 Pentecoste
Religioni, Fedi 	 Festivita'  religiose 	 Ramadan
Religioni, Fedi 	 Festivita'  religiose 	 Yom Kippur
Religioni, Fedi 	 Leader religiosi 	 Papa
Religioni, Fedi 	 Leader religiosi 	 Papa
Religioni, Fedi 	 Religione naturale	
Religioni, Fedi 	 Taoismo	
Religioni, Fedi 	 Scintoismo	
Religioni, Fedi 	 Sikismo	
Religioni, Fedi 	 Giainismo	
Religioni, Fedi 	 Parsi	
Religioni, Fedi 	 Confucianesimo	
Religioni, Fedi 	 Testi Religiosi 	 Torah
Religioni, Fedi 	 Testi Religiosi 	 Bibbia
Religioni, Fedi 	 Testi Religiosi 	 Corano
Religioni, Fedi 	 Testi Religiosi 	 Torah
Religioni, Fedi 	 Dialogo interreligioso	
Religioni, Fedi 	 Evento religioso 	 Riti
Religioni, Fedi 	 Evento religioso 	 Incontri cattolici
Religioni, Fedi 	 Evento religioso 	 Incontri protestanti
Religioni, Fedi 	 Evento religioso 	 Riti
Religioni, Fedi 	 Concordato	
Religioni, Fedi 	 Ecumenismo	
Scienza, Tecnologia 	 Scienza applicata 	 Fisica Particelle
Scienza, Tecnologia 	 Scienza applicata 	 Fisica
Scienza, Tecnologia 	 Scienza applicata 	 Chimica
Scienza, Tecnologia 	 Scienza applicata 	 Cosmologia
Scienza, Tecnologia 	 Scienza applicata 	 Fisica Particelle
Scienza, Tecnologia 	 Ingegneria 	 Scienza Materiali
Scienza, Tecnologia 	 Ingegneria 	 Scienza Materiali
Scienza, Tecnologia 	 Scienze umane 	 Antropologia
Scienza, Tecnologia 	 Scienze umane 	 Scienze sociali
Scienza, Tecnologia 	 Scienze umane 	 Storia
Scienza, Tecnologia 	 Scienze umane 	 Psicologia
Scienza, Tecnologia 	 Scienze umane 	 Sociologia
Scienza, Tecnologia 	 Scienze umane 	 Antropologia
Scienza, Tecnologia 	 Scienze naturali 	 Biologia
Scienza, Tecnologia 	 Scienze naturali 	 Geologia
Scienza, Tecnologia 	 Scienze naturali 	 Paleontologia
Scienza, Tecnologia 	 Scienze naturali 	 Geografia
Scienza, Tecnologia 	 Scienze naturali 	 Botanica
Scienza, Tecnologia 	 Scienze naturali 	 Zoologia
Scienza, Tecnologia 	 Scienze naturali 	 Fisiologia
Scienza, Tecnologia 	 Scienze naturali 	 Astronomia
Scienza, Tecnologia 	 Scienze naturali 	 Biologia
Scienza, Tecnologia 	 Scienze filosofiche	
Scienza, Tecnologia 	 Ricerca 	 Indagini, Sondaggi
Scienza, Tecnologia 	 Ricerca 	 Indagini, Sondaggi
Scienza, Tecnologia 	 Esplorazioni scientifiche	
Scienza, Tecnologia 	 Programmi aerospaziali	
Scienza, Tecnologia 	 Scienza (generico)	
Scienza, Tecnologia 	 Tecnologia (generico) 	 Laser
Scienza, Tecnologia 	 Tecnologia (generico) 	 Missilistica
Scienza, Tecnologia 	 Tecnologia (generico) 	 Laser
Scienza, Tecnologia 	 Standards	
Scienza, Tecnologia 	 Scienza degli animali	
Scienza, Tecnologia 	 Microscienza	
Scienza, Tecnologia 	 Oceanografia	
Scienza, Tecnologia 	 Climatologia, Meteorologia	
Scienza, Tecnologia 	 Elettronica	
Scienza, Tecnologia 	 Tecnologia Identificazione	
Scienza, Tecnologia 	 Matematica	
Scienza, Tecnologia 	 Biotecnologia	
Scienza, Tecnologia 	 Ricerca, Tecnologia agricola	
Scienza, Tecnologia 	 Nanotecnologia	
Scienza, Tecnologia 	 Scienze informatiche	
Scienza, Tecnologia 	 Istituzioni scientifiche	
Sociale 	 Dipendenze	
Sociale 	 Beneficenza	
Sociale 	 Demografia 	 Emigrazione
Sociale 	 Demografia 	 Censimento
Sociale 	 Demografia 	 Immigrazione
Sociale 	 Demografia 	 Immigrazione clandestina
Sociale 	 Demografia 	 Emigrazione
Sociale 	 Disabilita' 	
Sociale 	 Eutanasia, Suicidio assistito 	 Suicidio
Sociale 	 Eutanasia, Suicidio assistito 	 Suicidio
Sociale 	 Famiglia 	 Corteggiamento
Sociale 	 Famiglia 	 Genitori, Figli
Sociale 	 Famiglia 	 Adozione
Sociale 	 Famiglia 	 Matrimonio
Sociale 	 Famiglia 	 Divorzio
Sociale 	 Famiglia 	 Sesso
Sociale 	 Famiglia 	 Corteggiamento
Sociale 	 Pianificazione familiare	
Sociale 	 Assicurazioni sanitarie	
Sociale 	 Senzatetto	
Sociale 	 Minoranze 	 Minoranze nazionali, etniche
Sociale 	 Minoranze 	 Omosessualita' 
Sociale 	 Minoranze 	 Minoranze nazionali, etniche
Sociale 	 Pornografia	
Sociale 	 Poverta' 	
Sociale 	 Prostituzione	
Sociale 	 Razzismo	
Sociale 	 Welfare	
Sociale 	 Aborto	
Sociale 	 Persone scomparse 	 Dispersi per Ostilita' 
Sociale 	 Persone scomparse 	 Dispersi per Ostilita' 
Sociale 	 Assistenza a lungo termine	
Sociale 	 Delinquenza giovanile	
Sociale 	 Vittime Radiazioni nucleari	
Sociale 	 Schiavita'¹, Lavoro minorile	
Sociale 	 Abusi, Torture	
Sociale 	 Morte	
Sociale 	 Gente, Persone 	 Terza Eta' 
Sociale 	 Gente, Persone 	 Infanzia
Sociale 	 Gente, Persone 	 Neonati
Sociale 	 Gente, Persone 	 Adolescenza
Sociale 	 Gente, Persone 	 Eta'  Adulta
Sociale 	 Gente, Persone 	 Terza Eta' 
Sociale 	 Questioni sociali (generico) 	 death penalty policies
Sociale 	 Questioni sociali (generico) 	 Condizioni sociali
Sociale 	 Questioni sociali (generico) 	 Problemi sociali
Sociale 	 Questioni sociali (generico) 	 Discriminazione
Sociale 	 Questioni sociali (generico) 	 Servizi sociali
Sociale 	 Questioni sociali (generico) 	 death penalty policies
Sociale 	 Bonifica Bellica	
Sociale 	 Ricostruzione	
Sport 	 Sport Aviatori 	 Paracadutismo sportivo
Sport 	 Sport Aviatori 	 Paracadutismo
Sport 	 Sport Aviatori 	 Paracadutismo sportivo
Sport 	 Sci alpino 	 Combinata
Sport 	 Sci alpino 	 Libera
Sport 	 Sci alpino 	 Gigante
Sport 	 Sci alpino 	 Super g
Sport 	 Sci alpino 	 Slalom
Sport 	 Sci alpino 	 Combinata
Sport 	 Football americano 	 CFL
Sport 	 Football americano 	 National Football League (USA)
Sport 	 Football americano 	 CFL
Sport 	 Tiro con l'arco 	 Balestra
Sport 	 Tiro con l'arco 	 FITA/Tiro con l'arco con bersagli all'aperto
Sport 	 Tiro con l'arco 	 Balestra
Sport 	 Atletica leggera 	 100 m
Sport 	 Atletica leggera 	 200 m
Sport 	 Atletica leggera 	 400 m
Sport 	 Atletica leggera 	 800 m
Sport 	 Atletica leggera 	 10.000 m
Sport 	 Atletica leggera 	 20 km
Sport 	 Atletica leggera 	 1 ora
Sport 	 Atletica leggera 	2.500.015.005.015
Sport 	 Atletica leggera 	3.000.015.005.016
Sport 	 Atletica leggera 	 110 ostacoli
Sport 	 Atletica leggera 	 400 ostacoli
Sport 	 Atletica leggera 	 4x100
Sport 	 Atletica leggera 	 4x200
Sport 	 Atletica leggera 	 4x400
Sport 	 Atletica leggera 	 4x800
Sport 	 Atletica leggera 	 4x1500
Sport 	 Atletica leggera 	 Marcia 1h
Sport 	 Atletica leggera 	 Marcia 2 h
Sport 	 Atletica leggera 	 10 km marcia
Sport 	 Atletica leggera 	 15 km marcia
Sport 	 Atletica leggera 	 20 km marcia
Sport 	 Atletica leggera 	 30 km marcia
Sport 	 Atletica leggera 	 50 km marcia
Sport 	 Atletica leggera 	 100 ostacoli
Sport 	 Atletica leggera 	 5 km marcia
Sport 	 Atletica leggera 	 50 m
Sport 	 Atletica leggera 	 50 ostacoli
Sport 	 Atletica leggera 	 50 yards
Sport 	 Atletica leggera 	 50 yards ostacoli
Sport 	 Atletica leggera 	 60 m
Sport 	 Atletica leggera 	 60 m ostacoli
Sport 	 Atletica leggera 	 60 yards
Sport 	 Atletica leggera 	 60 yards ostacoli
Sport 	 Atletica leggera 	 100 yards
Sport 	 Atletica leggera 	 100 yards ostacoli
Sport 	 Atletica leggera 	 300 m
Sport 	 Atletica leggera 	 300 yards
Sport 	 Atletica leggera 	 440 yards
Sport 	 Atletica leggera 	 500 m
Sport 	 Atletica leggera 	 500 yards
Sport 	 Atletica leggera 	 600 m
Sport 	 Atletica leggera 	 600 yards
Sport 	 Atletica leggera 	 880 yards
Sport 	 Atletica leggera 	 2 miglia
Sport 	 Atletica leggera 	 3 miglia
Sport 	 Atletica leggera 	 6 miglia
Sport 	 Atletica leggera 	 4x1 miglio
Sport 	 Atletica leggera 	 Pentathlon
Sport 	 Atletica leggera 	 Miglio
Sport 	 Atletica leggera 	 10.000 m
Sport 	 Atletica leggera 	25.000
Sport 	 Atletica leggera 	30.000
Sport 	 Atletica leggera 	 Salto in alto
Sport 	 Atletica leggera 	 Salto con l'asta
Sport 	 Atletica leggera 	 Salto in lungo
Sport 	 Atletica leggera 	 Salto Triplo
Sport 	 Atletica leggera 	 Lancio del peso
Sport 	 Atletica leggera 	 Lancio del disco
Sport 	 Atletica leggera 	 Lancio del martello
Sport 	 Atletica leggera 	 Lancio del giavellotto
Sport 	 Atletica leggera 	 Decathlon
Sport 	 Atletica leggera 	 4x100
Sport 	 Atletica leggera 	 4x200
Sport 	 Atletica leggera 	 4x400
Sport 	 Atletica leggera 	 4x800
Sport 	 Atletica leggera 	 4x1500
Sport 	 Atletica leggera 	 Eptathlon
Sport 	 Atletica leggera 	 4x1 miglio
Sport 	 Atletica leggera 	 Pentathlon
Sport 	 Badminton	
Sport 	 Baseball 	 World Series
Sport 	 Baseball 	 Major League 
Sport 	 Baseball 	 Major League 
Sport 	 Baseball 	 Major League 
Sport 	 Baseball 	 Major League 
Sport 	 Baseball 	 Baseball palla gomma
Sport 	 Baseball 	 Major League Playoffs
Sport 	 Baseball 	 World Series
Sport 	 Basket 	 Netball olandese
Sport 	 Basket 	 NBA
Sport 	 Basket 	 Professionale femminile
Sport 	 Basket 	 Netball svizzero
Sport 	 Basket 	 Netball tedesco
Sport 	 Basket 	 Netball olandese
Sport 	 Biathlon 	 7, 5 km
Sport 	 Biathlon 	 10 Km
Sport 	 Biathlon 	 15 Km
Sport 	 Biathlon 	 20 Km
Sport 	 Biathlon 	 Staffetta 4 x 7, 5 km
Sport 	 Biathlon 	 Inseguimento 12, 5 km
Sport 	 Biathlon 	 7, 5 km
Sport 	 Biathlon 	 Staffetta 4 x 7, 5 km
Sport 	 Biathlon 	 Inseguimento 12, 5 km
Sport 	 Biliardo, snooker e pool 	8
Sport 	 Biliardo, snooker e pool 	 9 palle
Sport 	 Biliardo, snooker e pool 	14.115.010.006
Sport 	 Biliardo, snooker e pool 	 Snooker
Sport 	 Biliardo, snooker e pool 	 14.1
Sport 	 Biliardo, snooker e pool 	 Snooker
Sport 	 Bob 	 Bob a quattro
Sport 	 Bob 	 Bob a due
Sport 	 Bob 	 Bob a quattro
Sport 	 Bowling	
Sport 	 Bocce	
Sport 	 Pugilato 	 Pugilato thai
Sport 	 Pugilato 	 Supermassimi
Sport 	 Pugilato 	 Massimi
Sport 	 Pugilato 	 Mediomassimi
Sport 	 Pugilato 	 Massimi leggeri
Sport 	 Pugilato 	 Supermedi
Sport 	 Pugilato 	 Medi
Sport 	 Pugilato 	 Medi leggeri
Sport 	 Pugilato 	 Welter
Sport 	 Pugilato 	 Superleggeri
Sport 	 Pugilato 	 leggeri
Sport 	 Pugilato 	 Superpiuma
Sport 	 Pugilato 	 Piuma
Sport 	 Pugilato 	 Supergallo
Sport 	 Pugilato 	 Gallo
Sport 	 Pugilato 	 Supermosca
Sport 	 Pugilato 	 Mosca
Sport 	 Pugilato 	 Mosca leggeri
Sport 	 Pugilato 	 Paglia
Sport 	 Pugilato 	 IBF
Sport 	 Pugilato 	 WBA
Sport 	 Pugilato 	 WBC
Sport 	 Pugilato 	 WBO
Sport 	 Pugilato 	 Pugilato francese
Sport 	 Pugilato 	 Pugilato thai
Sport 	 Canoa, Kayak 	 200 m
Sport 	 Canoa, Kayak 	 500 m
Sport 	 Canoa, Kayak 	 Pontoniering
Sport 	 Canoa, Kayak 	 Slalom
Sport 	 Canoa, Kayak 	 Canoa a vela
Sport 	 Canoa, Kayak 	 Pontoniering
Sport 	 Alpinismo 	 Arrampicata libera
Sport 	 Alpinismo 	 Scalata
Sport 	 Alpinismo 	 Arrampicata libera
Sport 	 Cricket	
Sport 	 Curling 	 Icestock sport
Sport 	 Curling 	 Icestock sport
Sport 	 Ciclismo 	 Cronometro 500 m donne
Sport 	 Ciclismo 	 Cronometro 1 km uomini
Sport 	 Ciclismo 	 Ciclopalla
Sport 	 Ciclismo 	 Pista
Sport 	 Ciclismo 	 Inseguimento
Sport 	 Ciclismo 	 Sprint olimpico
Sport 	 Ciclismo 	 Sprint
Sport 	 Ciclismo 	 Keirin
Sport 	 Ciclismo 	 Corsa a punti
Sport 	 Ciclismo 	 Madison
Sport 	 Ciclismo 	 Ora
Sport 	 Ciclismo 	 Strada
Sport 	 Ciclismo 	 Cronometro su strada
Sport 	 Ciclismo 	 Corsa a tappe
Sport 	 Ciclismo 	 Ciclocross
Sport 	 Ciclismo 	 Mountain bike
Sport 	 Ciclismo 	 Mountain bike cross
Sport 	 Ciclismo 	 Mountain bike fondovalle
Sport 	 Ciclismo 	 Bicrossing
Sport 	 Ciclismo 	 Trial
Sport 	 Ciclismo 	 Ciclismo acrobatico
Sport 	 Ciclismo 	 Ciclopalla
Sport 	 Danza	
Sport 	 Tuffi 	 Piattaforma 10m
Sport 	 Tuffi 	 Piattaforma 10m sincro
Sport 	 Tuffi 	 Trampolino 3m
Sport 	 Tuffi 	 Trampolino 3m sincro
Sport 	 Tuffi 	 Immersioni subacquee
Sport 	 Tuffi 	 Sport subacquei
Sport 	 Tuffi 	 Immersioni subacquee
Sport 	 Equitazione 	 Cross/Country
Sport 	 Equitazione 	 Tre Giorni
Sport 	 Equitazione 	 Dressage
Sport 	 Equitazione 	 Salto
Sport 	 Equitazione 	 Cross/Country
Sport 	 Scherma 	 Sciabola
Sport 	 Scherma 	 Spada
Sport 	 Scherma 	 Fioretto
Sport 	 Scherma 	 Sciabola
Sport 	 Hockey su prato 	 Hockey a rotelle
Sport 	 Hockey su prato 	 Hockey a rotelle
Sport 	 Pattinaggio artistico 	 Danza sul ghiaccio
Sport 	 Pattinaggio artistico 	 Individuale
Sport 	 Pattinaggio artistico 	 In coppia
Sport 	 Pattinaggio artistico 	 Danza sul ghiaccio
Sport 	 Sci Freestyle 	 Sci artistico
Sport 	 Sci Freestyle 	 Gobbe
Sport 	 Sci Freestyle 	 Aereo
Sport 	 Sci Freestyle 	 Sci artistico
Sport 	 Golf	
Sport 	 Ginnastica 	 Trampolino
Sport 	 Ginnastica 	 Esercizio a terra
Sport 	 Ginnastica 	 Volteggio
Sport 	 Ginnastica 	 Cavallo
Sport 	 Ginnastica 	 Parallele asimmetriche
Sport 	 Ginnastica 	 Parallele
Sport 	 Ginnastica 	 Barra
Sport 	 Ginnastica 	 Anelli
Sport 	 Ginnastica 	 Trave
Sport 	 Ginnastica 	 Ritmica
Sport 	 Ginnastica 	 Clave
Sport 	 Ginnastica 	 Cerchio
Sport 	 Ginnastica 	 Nastro
Sport 	 Ginnastica 	 Corda
Sport 	 Ginnastica 	 Palla
Sport 	 Ginnastica 	 Trampolino
Sport 	 Pallamano	
Sport 	 Ippica 	 Campestre
Sport 	 Ippica 	 Corsa senza ostacoli
Sport 	 Ippica 	 Corsa ad ostacoli
Sport 	 Ippica 	 Trotto
Sport 	 Ippica 	 Campestre
Sport 	 Hockey su ghiaccio 	 Hockey su slitta
Sport 	 Hockey su ghiaccio 	 NHL, National Hockey League
Sport 	 Hockey su ghiaccio 	 Hockey su slitta
Sport 	 Pelota 	 Xare
Sport 	 Pelota 	 Fronton (muro)
Sport 	 Pelota 	 Jai alai
Sport 	 Pelota 	 Fronton a sinistra
Sport 	 Pelota 	 Trinquet
Sport 	 Pelota 	 Rebot
Sport 	 Pelota 	 Chistera ancha
Sport 	 Pelota 	 Chistera corta
Sport 	 Pelota 	 Mani nude
Sport 	 Pelota 	 Pala ancha
Sport 	 Pelota 	 Pala corta
Sport 	 Pelota 	 Pasaka
Sport 	 Pelota 	 Xare
Sport 	 Judo 	 Extraleggeri
Sport 	 Judo 	 Massimi
Sport 	 Judo 	 Mediomassimi
Sport 	 Judo 	 Medi
Sport 	 Judo 	 Medi mediani
Sport 	 Judo 	 Medioleggeri
Sport 	 Judo 	 Peso leggero
Sport 	 Judo 	 Extraleggeri
Sport 	 Karate 	 Sparring Boxe
Sport 	 Karate 	 Sparring Boxe
Sport 	 Lacrosse	
Sport 	 Slittino 	 Doppio
Sport 	 Slittino 	 Individuale
Sport 	 Slittino 	 Doppio
Sport 	 Maratona	
Sport 	 Pentathlon moderno 	 Salto ad ostacoli
Sport 	 Pentathlon moderno 	 Corsa
Sport 	 Pentathlon moderno 	 Tiro a segno
Sport 	 Pentathlon moderno 	 Nuoto
Sport 	 Pentathlon moderno 	 Scherma
Sport 	 Pentathlon moderno 	 Salto ad ostacoli
Sport 	 Automobilismo 	 TRUCKI
Sport 	 Automobilismo 	 Endurance
Sport 	 Automobilismo 	 Indy
Sport 	 Automobilismo 	 CART
Sport 	 Automobilismo 	 NHRA
Sport 	 Automobilismo 	 NASCAR
Sport 	 Automobilismo 	 TRUCKI
Sport 	 Campionato Rally 	 Rallycross
Sport 	 Campionato Rally 	 Rally
Sport 	 Campionato Rally 	 Inseguimento
Sport 	 Campionato Rally 	 Rallycross
Sport 	 Motociclismo 	 Moto GP
Sport 	 Motociclismo 	 Gran Premio
Sport 	 Motociclismo 	 Enduro
Sport 	 Motociclismo 	 Pista erbosa
Sport 	 Motociclismo 	 Motopalla
Sport 	 Motociclismo 	 Motocross
Sport 	 Motociclismo 	 Rallying
Sport 	 Motociclismo 	 Trial
Sport 	 Motociclismo 	 Endurance
Sport 	 Motociclismo 	 Superbike
Sport 	 Motociclismo 	 Sidecar
Sport 	 Motociclismo 	 Moto GP
Sport 	 Netball	
Sport 	 Sci nordico 	 5 km tecnica classica
Sport 	 Sci nordico 	 10 km tecnica classica
Sport 	 Sci nordico 	 10 km inseguimento in stile libero
Sport 	 Sci nordico 	 15 km tecnica classica
Sport 	 Sci nordico 	 15 km inseguimento in stile libero
Sport 	 Sci nordico 	 10 km + 15 km combinata
Sport 	 Sci nordico 	 30 km tecnica classica
Sport 	 Sci nordico 	 30 km stile libero
Sport 	 Sci nordico 	 50 km stile libero
Sport 	 Sci nordico 	 Staffetta 4 x 5 km
Sport 	 Sci nordico 	 Staffetta 4 x 10 km
Sport 	 Sci nordico 	 5 km inseguimento in stile libero
Sport 	 Sci nordico 	 1, 5 km sprint
Sport 	 Sci nordico 	 Sci di fondo
Sport 	 Sci nordico 	 10 km + 15 km combinata
Sport 	 Sci nordico 	 Staffetta 4 x 5 km
Sport 	 Sci nordico 	 Staffetta 4 x 10 km
Sport 	 Sci nordico 	 Combinata nordica
Sport 	 Sci nordico 	 Raid
Sport 	 Sci nordico 	 1, 5 km sprint
Sport 	 Orientamento 	 Sci Orientamento
Sport 	 Orientamento 	 Sci Orientamento
Sport 	 Polo	
Sport 	 Canottaggio 	 Peso leggero
Sport 	 Canottaggio 	 Singolo
Sport 	 Canottaggio 	 Doppio
Sport 	 Canottaggio 	 Quattro di coppia
Sport 	 Canottaggio 	 Due senza
Sport 	 Canottaggio 	 Quattro senza
Sport 	 Canottaggio 	 Otto
Sport 	 Canottaggio 	 Peso leggero
Sport 	 Lega del rugby	
Sport 	 Vela 	 49 er
Sport 	 Vela 	 Mistral
Sport 	 Vela 	 Tornado
Sport 	 Vela 	 Soling
Sport 	 Vela 	 Europa
Sport 	 Vela 	 Laser
Sport 	 Vela 	 Finn
Sport 	 Vela 	 Star
Sport 	 Vela 	 Flying dutchmann
Sport 	 Vela 	 Gara a tappe
Sport 	 Vela 	 Intorno al mondo
Sport 	 Vela 	 Monoscafo
Sport 	 Vela 	 Multiscafo
Sport 	 Vela 	 Yngling
Sport 	 Vela 	 Mistral
Sport 	 Tiro a segno 	 10 m carabina ad aria
Sport 	 Tiro a segno 	 10 m pistola ad aria
Sport 	 Tiro a segno 	 10 m bersaglio mobile
Sport 	 Tiro a segno 	 25 m pistola sportiva
Sport 	 Tiro a segno 	 50 m Pistola libera
Sport 	 Tiro a segno 	 50 m carabina libera a terra
Sport 	 Tiro a segno 	 50 m carabina libera 3 x 40
Sport 	 Tiro a segno 	 50 m carabina sportiva 3 x 20
Sport 	 Tiro a segno 	 Tiro a 2 piattelli
Sport 	 Tiro a segno 	 Skeet
Sport 	 Tiro a segno 	 Pistola automatica
Sport 	 Tiro a segno 	 50 m carabina libera 3 x 40
Sport 	 Tiro a segno 	 50 m carabina sportiva 3 x 20
Sport 	 Tiro a segno 	 Fossa olimpica
Sport 	 Tiro a segno 	 Skeet
Sport 	 Salto con gli sci 	 K 90 salto15052002
Sport 	 Salto con gli sci 	 K 120 salto15052003
Sport 	 Snowboard 	 Half
Sport 	 Snowboard 	 Slalom gigante
Sport 	 Snowboard 	 Half
Sport 	 Calcio	
Sport 	 Softball	
Sport 	 Pattinaggio di velocita'  	 500 m15056002
Sport 	 Pattinaggio di velocita'  	 Short track 500 m
Sport 	 Pattinaggio di velocita'  	 Short Track
Sport 	 Speedway	
Sport 	 Organizzazioni sportive 	 GAISF
Sport 	 Organizzazioni sportive 	 IOC
Sport 	 Organizzazioni sportive 	 Federazione Internazionale
Sport 	 Organizzazioni sportive 	 Federazione continentale
Sport 	 Organizzazioni sportive 	 Federazione nazionale
Sport 	 Organizzazioni sportive 	 GAISF
Sport 	 Squash	
Sport 	 Sumo	
Sport 	 Surf	
Sport 	 Nuoto 	 50 m sl
Sport 	 Nuoto 	 100 m sl
Sport 	 Nuoto 	 200 m sl
Sport 	 Nuoto 	 400 m sl
Sport 	 Nuoto 	 800 m sl
Sport 	 Nuoto 	 4 x 50 m sl
Sport 	 Nuoto 	 4 x 100 m sl
Sport 	 Nuoto 	 libero 4 x 200 m sl
Sport 	 Nuoto 	 50 m dorso
Sport 	 Nuoto 	 100 m dorso
Sport 	 Nuoto 	 200 m dorso
Sport 	 Nuoto 	 50 m rana
Sport 	 Nuoto 	 100 m rana
Sport 	 Nuoto 	 200 m rana
Sport 	 Nuoto 	 50 m farfalla
Sport 	 Nuoto 	 100 m farfalla
Sport 	 Nuoto 	 200 m farfalla
Sport 	 Nuoto 	 100 m Misti (individuale)
Sport 	 Nuoto 	 200 m Misti (individuale)
Sport 	 Nuoto 	 400 m Misti (individuale)
Sport 	 Nuoto 	 Staffetta mista 4 x 50 m
Sport 	 Nuoto 	 Staffetta mista 4 x 100 m
Sport 	 Nuoto 	 Nuoto sincronizzato libero
Sport 	 Nuoto 	 4 x 50 m sl
Sport 	 Nuoto 	 4 x 100 m sl
Sport 	 Nuoto 	 libero 4 x 200 m sl
Sport 	 Nuoto 	 Staffetta mista 4 x 50 m
Sport 	 Nuoto 	 Staffetta mista 4 x 100 m
Sport 	 Nuoto 	 Vasca corta
Sport 	 Nuoto 	 Nuoto sincronizzato tecnico
Sport 	 Nuoto 	 Nuoto sincronizzato libero
Sport 	 Ping pong	
Sport 	 Taekwon	Do 
Sport 	 Taekwon	Do 
Sport 	 Taekwon	Do 
Sport 	 Taekwon	Do 
Sport 	 Taekwon	Do 
Sport 	 Taekwon	Do 
Sport 	 Taekwon	Do 
Sport 	 Taekwon	Do 
Sport 	 Taekwon	Do 
Sport 	 Taekwon	Do 
Sport 	 Taekwon	Do 
Sport 	 Tennis 	 Soft tennis
Sport 	 Tennis 	 Soft tennis
Sport 	 Triathlon 	 Corsa
Sport 	 Triathlon 	 Nuoto
Sport 	 Triathlon 	 Ciclismo
Sport 	 Triathlon 	 Corsa
Sport 	 Pallavolo 	 Beach volley
Sport 	 Pallavolo 	 Beach volley
Sport 	 Pallanuoto	
Sport 	 Sci nautico 	 Combinato
Sport 	 Sci nautico 	 Slalom
Sport 	 Sci nautico 	 Acrobatico
Sport 	 Sci nautico 	 Salto
Sport 	 Sci nautico 	 Combinato
Sport 	 Sollevamento pesi 	 48 kg
Sport 	 Sollevamento pesi 	 53 kg
Sport 	 Sollevamento pesi 	 63 kg
Sport 	 Sollevamento pesi 	 75 kg
Sport 	 Sollevamento pesi 	 Oltre 75 kg
Sport 	 Sollevamento pesi 	 56 kg
Sport 	 Sollevamento pesi 	 62 kg
Sport 	 Sollevamento pesi 	 69 kg
Sport 	 Sollevamento pesi 	 77 kg
Sport 	 Sollevamento pesi 	 85 kg
Sport 	 Sollevamento pesi 	 94 kg
Sport 	 Sollevamento pesi 	 105 kg
Sport 	 Sollevamento pesi 	 Più di 105 kg
Sport 	 Sollevamento pesi 	 Powerlifting
Sport 	 Sollevamento pesi 	 Strappo
Sport 	 Sollevamento pesi 	 Due tempi (salto e strappo)
Sport 	 Sollevamento pesi 	 Powerlifting
Sport 	 Windsurf 	 Terra
Sport 	 Windsurf 	 Oceano
Sport 	 Windsurf 	 Lago
Sport 	 Windsurf 	 Fiume
Sport 	 Windsurf 	 Terra
Sport 	 Lotta 	 Superiore ai 130 kg
Sport 	 Lotta 	 130 kg
Sport 	 Lotta 	 97 kg
Sport 	 Lotta 	 85 kg
Sport 	 Lotta 	 76 kg
Sport 	 Lotta 	 69 kg
Sport 	 Lotta 	 63 kg
Sport 	 Lotta 	 58 kg
Sport 	 Lotta 	 54 kg
Sport 	 Lotta 	 Lotta svizzera
Sport 	 Lotta 	 Libera
Sport 	 Lotta 	 Greco/romana
Sport 	 Lotta 	 Lotta svizzera
Sport 	 Evento sportivo 	 Giochi paraolimpici
Sport 	 Evento sportivo 	 Olimpiadi
Sport 	 Evento sportivo 	 Olimpiadi invernali
Sport 	 Evento sportivo 	 Universiade
Sport 	 Evento sportivo 	 Universiade invernale
Sport 	 Evento sportivo 	 Giochi del Commonwealth
Sport 	 Evento sportivo 	 Giochi invernali della buona volonta' 
Sport 	 Evento sportivo 	 Giochi Asiatici
Sport 	 Evento sportivo 	 Giochi Asiatici Invernali
Sport 	 Evento sportivo 	 Giochi panamericani
Sport 	 Evento sportivo 	 Giochi africani
Sport 	 Evento sportivo 	 Giochi mediterranei
Sport 	 Evento sportivo 	 Giochi sudest asiatici
Sport 	 Evento sportivo 	 Giochi panpacifici
Sport 	 Evento sportivo 	 Giochi del sudpacifico
Sport 	 Evento sportivo 	 Giochi panarabici
Sport 	 Evento sportivo 	 Giochi estivi della buona volonta' 
Sport 	 Evento sportivo 	 Giochi mondiali
Sport 	 Evento sportivo 	 Coppa del mondo
Sport 	 Evento sportivo 	 Coppa intercontinentale
Sport 	 Evento sportivo 	 Coppa continentale
Sport 	 Evento sportivo 	 Coppa internazionale
Sport 	 Evento sportivo 	 Coppa nazionale
Sport 	 Evento sportivo 	 Coppa interregionale
Sport 	 Evento sportivo 	 Coppa regionale
Sport 	 Evento sportivo 	 Coppa della lega
Sport 	 Evento sportivo 	 Campionato mondiale
Sport 	 Evento sportivo 	 Campionato intercontinentale
Sport 	 Evento sportivo 	 Campionato continentale di primo livello
Sport 	 Evento sportivo 	 Campionato continentale di secondo livello
Sport 	 Evento sportivo 	 Campionato continentale di terzo livello
Sport 	 Evento sportivo 	 Campionato nazionale di I livello
Sport 	 Evento sportivo 	 Campionato nazionale di II livello
Sport 	 Evento sportivo 	 Campionato nazionale di III livello
Sport 	 Evento sportivo 	 Campionato nazionale di IV livello
Sport 	 Evento sportivo 	 Campionato regionale
Sport 	 Evento sportivo 	 Gran Premio
Sport 	 Evento sportivo 	 Competizione intercontinentale
Sport 	 Evento sportivo 	 Competizione continentale
Sport 	 Evento sportivo 	 Competizione internazionale
Sport 	 Evento sportivo 	 Gara nazionale
Sport 	 Evento sportivo 	 Gara tra nazioni
Sport 	 Evento sportivo 	 Gara tra circoli
Sport 	 Evento sportivo 	 Gara amichevole
Sport 	 Evento sportivo 	 Competizione all
Sport 	 Evento sportivo 	 Esibizione
Sport 	 Evento sportivo 	 Super Bowl
Sport 	 Evento sportivo 	 Giochi paraolimpici
Sport 	 Rodeo 	 Capra al lazo
Sport 	 Rodeo 	 Barrel racing
Sport 	 Rodeo 	 Vitello al lazo
Sport 	 Rodeo 	 Monta del toro
Sport 	 Rodeo 	 Bulldogging
Sport 	 Rodeo 	 Saddle bronc
Sport 	 Rodeo 	 Senza sella
Sport 	 Rodeo 	 Capra al lazo
Sport 	 Mini golf	
Sport 	 Bandy	
Sport 	 Frisbee 	 Golf con il disco
Sport 	 Frisbee 	 Finale
Sport 	 Frisbee 	 Guts
Sport 	 Frisbee 	 Overall
Sport 	 Frisbee 	 Distanza
Sport 	 Frisbee 	 Discathon
Sport 	 Frisbee 	 DDC
Sport 	 Frisbee 	 SCF
Sport 	 Frisbee 	 Stile libero
Sport 	 Frisbee 	 Precisione
Sport 	 Frisbee 	 Golf con il disco
Sport 	 Floorball	
Sport 	 Casting	
Sport 	 Tiro alla fune	
Sport 	 Croquet	
Sport 	 Corsa di cani 	 Pista ovale
Sport 	 Corsa di cani 	 Slitta
Sport 	 Corsa di cani 	 Pista ovale
Sport 	 Skeleton	
Sport 	 Football con regole australiane	
Sport 	 Football canadese	
Sport 	 Duathlon	
Sport 	 Hornuss	
Sport 	 Sfera del pugno	
Sport 	 Pattinaggio in linea	
Sport 	 Sci su erba	
Sport 	 Snowbiking	
Sport 	 Twirling	
Sport 	 Kendo	
Sport 	 Jukendo	
Sport 	 Naginata	
Sport 	 Kyudo	
Sport 	 Kabaddi	
Sport 	 Sepak Takraw	
Sport 	 Wushu	
Sport 	 Freccette	
Sport 	 Bodybuilding	
Sport 	 sports disciplinary action	
Sport 	 sports awards	
Agitazioni, Conflitti, Guerre 	 Terrorismo	
Agitazioni, Conflitti, Guerre 	 Conflitto armato	
Agitazioni, Conflitti, Guerre 	 Disordini 	 Conflitti sociali
Agitazioni, Conflitti, Guerre 	 Disordini 	 Rivoluzione
Agitazioni, Conflitti, Guerre 	 Disordini 	 Ribellione
Agitazioni, Conflitti, Guerre 	 Disordini 	 Dissenso
Agitazioni, Conflitti, Guerre 	 Disordini 	 Conflitti religiosi
Agitazioni, Conflitti, Guerre 	 Disordini 	 Conflitti sociali
Agitazioni, Conflitti, Guerre 	 Colpo Stato	
Agitazioni, Conflitti, Guerre 	 Guerriglia 	 Attentato dinamitardo
Agitazioni, Conflitti, Guerre 	 Guerriglia 	 Bioterrorismo
Agitazioni, Conflitti, Guerre 	 Guerriglia 	 Attentato dinamitardo
Agitazioni, Conflitti, Guerre 	 Massacro 	 Genocidio
Agitazioni, Conflitti, Guerre 	 Massacro 	 Genocidio
Agitazioni, Conflitti, Guerre 	 Sommossa	
Agitazioni, Conflitti, Guerre 	 Manifestazione	
Agitazioni, Conflitti, Guerre 	 Guerra 	 Prigionieri Guerra
Agitazioni, Conflitti, Guerre 	 Guerra 	 Guerra civile
Agitazioni, Conflitti, Guerre 	 Guerra 	 Intervento militare internazionale
Agitazioni, Conflitti, Guerre 	 Guerra 	 Prigionieri Guerra
Agitazioni, Conflitti, Guerre 	 Conflitti (generico) 	 Peacekeeping
Agitazioni, Conflitti, Guerre 	 Conflitti (generico) 	 Peacekeeping
Agitazioni, Conflitti, Guerre 	 Crisi	
Agitazioni, Conflitti, Guerre 	 Armamenti	
Meteo 	 Previsioni	
Meteo 	 Cambiamenti climatici	
Meteo 	 Bollettini meteo 	 Notizie meteo
Meteo 	 Bollettini meteo 	 Notizie meteo
Meteo 	 Statistiche	
Meteo 	 Allerta meteo	
